Country,Year,Total_Water_Consumption_Billion_Cubic_Meters,Per_Capita_Water_Use_Liters_per_Day,Agricultural_Water_Use_Percent,Industrial_Water_Use_Percent,Household_Water_Use_Percent,Rainfall_Impact_Annual_Precipitation_in_mm,Groundwater_Depletion_Rate_Percent,Water_Scarcity_Level
0,-1.7068852146588642,-0.2702836287145385,-1.0535458031800233,-0.3122588471668662,-1.6636392013631383,2.0246976463652095,-0.9161180712586429,1.527783873374977,2
0,-1.567429836672319,-0.5743314473179069,0.5839287119250108,-0.3282804261623927,-0.1713991145005752,-0.8736071888675379,-0.6198300705104398,1.229303244829694,2
0,-1.4279744586857737,-0.2557959313649272,1.6200906785842757,0.031806375027854904,0.34226178855459094,-0.5667973338797517,0.16014374032485465,0.38002314273890503,2
0,-1.2885190806992284,-0.601978433661566,1.2787023187194517,-0.21110299484131534,0.693059191987075,-0.14807127647152543,0.9655636344951085,0.32317889650090653,2
0,-1.1490637027126829,1.4908857768377068,-1.183416598462449,-2.1745317939411413,2.208613890652377,-0.3461540969986914,-2.6029154155686873,-1.4494818431908487,2
0,-1.0096083247261376,-0.539654786127815,-0.2981222912607772,1.8146528867805976,0.40237805184913894,-0.8356029267896514,1.0022482493800413,0.3583681915816362,2
0,-0.730697568753047,2.1413492988594762,-2.1418767797232214,-1.61189163745114,-2.6764441588879433,-1.7335016035591087,-0.15911585037074485,2.0650490029970223,2
0,-0.5912421907665016,-0.12580137548787276,-1.180939429253467,1.9068240882960446,-0.7733146067053931,-0.23636400655146358,-0.5940553243700308,0.9785795173794948,2
0,-0.45178681277995636,1.5289948211617803,-1.1748444003828562,0.8877888350872298,0.3445517540233852,-1.3873685082704712,-1.439934222590127,-0.44951937391367186,2
0,-0.312331434793411,-0.024245009089419293,-1.529173236817132,-0.16617974456058335,-0.908133889715497,0.1467496657084403,-0.17558949228645868,0.24180365162671846,2
0,-0.1728760568068657,0.34923523011764923,1.0472551208554661,-1.0968449950360883,0.3704471690309562,-0.7860342364784695,0.9614704991825807,0.8677882211487605,2
0,-0.03342067882032038,0.5917048424045287,-0.7141845670621283,1.9046878783916048,1.0516801168168501,-0.5377109331286433,-0.41716960054480356,0.0050090194128657025,2
0,0.10603469916622495,0.007436466420314475,-0.28009258547169297,-0.30296004900560164,1.0669319042183598,0.4564140246597124,-0.6063164385522881,1.304080496876244,2
0,0.24549007715277027,0.6118325433765605,0.9589971010519913,0.13236614921910614,-0.7370746182189496,0.3641971702571436,1.310549612012318,-0.25646699288970354,2
0,0.3849454551393156,0.6918383991625062,0.29247400531045825,-0.1331941407462622,-1.1814426721515863,1.4207241897066876,0.8463329810548443,0.12230667114818497,2
0,0.5244008331258609,-0.4333341732294134,1.1586015656258621,-0.1592235971764543,0.18568381348055665,-0.966652735801751,0.6586694202734356,0.17990819541498296,2
0,0.6638562111124062,-0.3196651420789368,-0.29255504499729196,1.1848411444959912,0.4982930408508821,-0.18080222069605842,0.4267198070042862,0.23150152143300637,2
0,0.8033115890989516,1.6584474535372733,0.13142395714204147,0.8714531068556496,-1.5616770928370693,0.18744109783223845,-0.3437301905267933,-0.6533240419893414,2
0,0.9427669670854969,-0.23960310526968115,-0.21154338357576274,1.0232916014418445,1.673849764376613,0.7267518611238627,0.30451892720078394,-0.7745316136897066,2
0,1.2216777230585876,-0.834287519600238,-0.4114336292015211,0.4657301799394935,0.43977347829314356,-1.0348373916222078,1.8960332762080554,0.24693542309288158,2
0,1.3611331010451329,0.21743374636892263,0.5121553210766289,-0.3182111370729928,0.21111470387723444,1.2549143466907586,-1.3733129483958113,1.000109810458941,2
0,1.5005884790316781,0.5957700113266515,-0.2901289514421044,-1.7651333283142465,-0.37790995816759426,1.7068438180774315,0.5579862605957888,-0.9480343882904516,2
0,1.6400438570182234,1.6430304906989441,2.239593455937655,0.18750670913023962,1.5902698099821355,-0.5001453937877104,2.6325344609930257,-0.6055671408942558,1
1,-1.7068852146588642,0.4608715864912749,0.49656380611133427,0.8401167832320444,1.2286661076116059,-1.178313078002106,0.015357913176621782,-0.4284424531140532,2
1,-1.567429836672319,-0.6529579577933834,-0.7439105975699093,-0.6191192072223846,-1.0564106329171712,0.5014561117687141,0.03166116271683942,0.30118558707545,2
1,-1.4279744586857737,-0.19534645152069594,-1.021234371599089,1.6360908187606988,-0.6113357222177555,0.5819432539472758,-0.3143870176744351,-0.7794190152955118,2
1,-1.2885190806992284,0.41220460678520715,-0.03432505117537092,-0.23073728345432745,1.218878863835918,-0.38319865548875187,0.6287065294592932,1.678333312999198,2
1,-1.1490637027126829,-0.012838428579675732,-0.4001787436972117,0.16300311772531578,0.0017651924936248483,0.6652089645026406,1.3774474178662497,-0.7626622094757027,2
1,-1.0096083247261376,-0.015788689920634348,-0.5307068877515243,0.5482798672250909,0.7594345004422354,-0.8376619286103738,-0.5449673970667956,-0.6781164992873099,2
1,-0.8701529467395923,-0.7663219424742306,0.07819947653381441,-0.410946388643882,1.0804592722454096,0.6369662583696616,-0.8744643329666524,-0.6118509439014332,2
1,-0.730697568753047,-1.4733388454260248,-1.2274629654025655,0.6323074792018178,-0.12411449300928235,1.8605883328470632,-0.05715697814357601,1.4025005565551598,2
1,-0.5912421907665016,0.07360668414937604,-0.9759472927535013,1.0325388459316835,-1.0548672604248845,0.4617096191527458,0.23729861407747996,-1.2085705143153933,2
1,-0.45178681277995636,-0.7154340491760958,-0.4614558476354703,-0.5311418896204715,-0.47614941756606316,0.6297684814609708,-2.016571164608109,0.42379828712236767,2
1,-0.312331434793411,0.5886482949110352,-1.0420391887622107,-1.3191679647446173,-0.41387807904324764,0.941000354992753,0.21301931349823455,1.9396871392719233,2
1,-0.1728760568068657,-0.42808378617142784,0.12322915196076278,0.466620267242602,0.7473240219093481,-0.7976839708442801,1.4643448387752516,0.782105953911865,2
1,-0.03342067882032038,-0.07841756340507441,-0.2754747462298347,1.0678144668088028,-0.2177589858169121,-0.15574890517412857,-0.9242825709123283,-0.28952882896375987,2
1,0.10603469916622495,-0.901986010500786,-0.4604449761720693,0.6826497929663303,1.0694194961602852,-1.7792474758583907,0.26479540087526127,0.6354838903423817,2
1,0.24549007715277027,0.3810994875280667,0.3408195453808519,1.942610102018103,0.2036270953671916,-0.8459128842363434,-0.4657673259337644,-0.08401151769048944,2
1,0.3849454551393156,0.18896545124356082,0.2617009238999119,2.811844339920718,1.125764112938081,-0.2589703581578869,-0.5396280957779215,1.5909709988486012,2
1,0.5244008331258609,-0.6702962883884293,-0.39038194808091886,1.752702780702926,-0.40914757870060237,-0.6588895074310045,-0.6255502585296947,0.9477888841838569,2
1,0.6638562111124062,1.4005728633748917,0.9745680810506788,1.0769062963277112,1.032615380729854,-0.0698554340637545,-1.9128280790249652,-0.41194747104496154,1
1,0.8033115890989516,1.1311566435598623,0.30724338356824993,1.109075114390165,1.5822302890083382,0.22762068932213397,-0.8789537563392489,0.14136753785069262,2
1,0.9427669670854969,0.4957515065301554,0.5943736831257688,-1.7551434025876225,-0.8083040032034782,-1.1160922966710307,-0.315332650753102,0.08198560240196108,2
1,1.0822223450720423,-0.23221581095982222,0.4039891836107267,-0.3266311459716768,-0.9697935255023318,1.0443604314015498,0.014956465171527659,-0.39820165265405133,2
1,1.2216777230585876,1.777193861208141,0.3131738339134244,-1.6616318338885188,-0.49429659954908856,0.6290753604969581,0.34041729992299363,-1.2070666997901178,2
1,1.3611331010451329,-0.3139098943582607,0.5541516057634363,0.5313479703844113,-0.4084033395562229,0.09689306432091072,-0.47706936120550475,0.6327347266641993,2
1,1.6400438570182234,1.5994833232787398,-0.5803918919502158,1.0001912063138307,0.4437291568014212,0.7839928480245145,-0.03673487207109083,-1.9905172550570667,2
2,-1.7068852146588642,0.34884384750560615,-0.5778490547731517,-0.34187857357949153,-1.6101589046678704,0.3487809793517395,1.03452161084793,0.013387423422435322,2
2,-1.567429836672319,1.5420044091456298,-1.9448292287766002,0.8397526560939833,1.5962438432635677,-1.1440691073279663,-0.07373394385473434,0.5235179512492113,2
2,-1.4279744586857737,-0.8181035433018687,0.2528307862090456,0.7917221902073174,-0.7248677500157369,-0.5476918504420275,1.6238610457481704,-0.39160365982641426,2
2,-1.2885190806992284,1.2469065873230805,1.7854972195354388,1.0637120548019823,0.6921557535354402,1.006525963921236,-0.12182785021308909,0.6963884401972843,1
2,-1.1490637027126829,0.07940111971865198,-0.7165294043596968,0.2338456694835245,1.1573749333103103,-0.9039687209040891,0.34127408274495885,0.11564203199499605,2
2,-1.0096083247261376,0.6401992441683766,-0.06382124124108249,-0.4645162061445356,-0.24744056182375482,-1.923309644778439,0.5764528688301259,0.251822826898018,2
2,-0.5912421907665016,1.8468066901905595,-0.07178053147515395,-1.482776559663652,0.23729987268359598,-0.5690612516105451,-0.6748635355482157,0.6428149927510901,2
2,-0.45178681277995636,-0.07220250131618625,0.0577104397078362,0.5472517436520309,0.052157846224703416,0.455475645685609,-0.30647898798539075,0.5646165604602078,2
2,-0.312331434793411,-1.9322475625643993,-1.1895002757690045,0.9428695572281529,-1.3843920454683136,0.12874989132358056,1.385423133473166,-2.018375447729088,2
2,-0.1728760568068657,-0.24620900577483515,-0.2554400707586542,-0.48849621611766975,-0.5322221691798802,1.2204660397675124,-0.5048815291245149,0.4796979493118454,2
2,-0.03342067882032038,-0.41369589869944,1.403348194646595,-2.607585649732022,-1.3765758449293684,0.4306299869871987,0.3764960780260515,-0.7116063119667997,1
2,0.10603469916622495,0.6645279398061761,-2.0319683572164657,-0.5488127488067152,-2.345512978722489,1.1863965623997113,0.5500777348954308,0.4897782153987353,0
2,0.24549007715277027,0.6227727066860226,1.0396001572431741,1.6039220006982449,0.20500196822382494,1.2052387415610781,0.3634011402792934,-0.6371956158104505,1
2,0.3849454551393156,0.800752781447661,1.829854458442369,-0.590642844773196,1.4781467146491265,-0.922330602969079,0.08566243891762351,-1.6552038769855744,1
2,0.5244008331258609,-0.036701596368855824,0.3222583156930003,0.008027741223561107,0.23479032306026082,0.9524872698866677,1.6829094511639349,0.9839932540691474,2
2,0.6638562111124062,0.8005394923688715,0.3987539290968997,-0.9141047499047468,-0.08771818021844231,0.5183468949144402,-0.7368352139685426,-0.8182738626802608,2
2,0.8033115890989516,-2.5061267464269643,-0.7153763331685695,-1.5075943003046295,-0.15786009475981036,1.1763196747275442,-1.6789177080566946,0.2835909395350852,2
2,0.9427669670854969,-0.08187035330546451,-1.2289575079846942,2.002045387545861,-0.5398221107803586,-0.2258945118191461,-0.33333049618085026,0.6994644266528595,2
2,1.0822223450720423,0.553075581432467,-0.3910409236123798,-0.5864551433042614,0.36947564072437394,1.1835456784381593,0.8078464498490188,0.2033800468538533,2
2,1.2216777230585876,-0.5504351549184974,-0.3040151448171952,-0.8414421769309123,-0.10362245135393579,-1.3985650514080386,0.26858239372331727,-0.6208839105867932,2
2,1.3611331010451329,-1.00364784158077,0.3299294856102413,0.7053941527961215,-1.2917938457224698,-0.28473306737786486,0.21687321434713944,-0.002322082995842763,2
2,1.5005884790316781,2.1083293859146974,1.5392413560207634,-1.9398627839478249,-1.4022673598405488,0.6508819603931297,-0.44562929160653697,-1.6105828347323137,1
2,1.6400438570182234,-1.010082122526542,0.8507096206015895,0.9920861722337405,-2.272414501772819,-0.3712023606409342,-0.6829073652842103,0.6849688365496577,1
3,-1.7068852146588642,-1.4090148423619215,-1.0231922725124318,0.20347650638245388,-1.4604732290012228,0.5694917141055374,-0.4365219101311803,-0.6316690908320715,2
3,-1.567429836672319,-1.9346125200617208,2.137908315842949,-0.10324530659747738,0.4414726539190952,0.010599715436004865,-1.0726836425309714,-0.93825958507884,1
3,-1.4279744586857737,0.21229031851744626,0.9787179779213948,1.1323221107357708,-0.10876075433617136,-0.2490320939107595,1.27481895534557,1.8407172468573714,1
3,-1.2885190806992284,-1.8253916842214473,-2.0360224872363197,-0.15419721882407045,1.683248625851173,0.878537359831367,-0.7193040438177557,0.940248321894842,0
3,-1.1490637027126829,-1.2418399174329484,2.2199074407557475,0.13427198389672285,1.8464858709519163,-1.5772618594611314,0.9813658162617149,-0.22445450819294843,1
3,-0.730697568753047,0.7780314940214949,-0.16747644336229794,-0.13193754568694296,0.08858814277274414,-0.31868524593434866,0.5122727303704672,-1.2559407202468356,2
3,-0.5912421907665016,0.20470017609430122,-1.0302698999182867,-1.3888012473029676,0.7705881437682582,-1.2563918209941354,-1.910240969658802,2.5928884292079672,2
3,-0.45178681277995636,-1.6516303497401152,-1.427620244761487,-0.9606615735741036,-0.026198362549375475,0.3956693557394411,1.093400651595092,0.9512449766075708,2
3,-0.312331434793411,0.31487064737307296,-1.4892895356611802,0.8441221779809267,0.8958998192382108,0.49972864531062827,0.8261401463986023,1.3667614287387941,2
3,-0.1728760568068657,0.39059017790497974,1.449192851081951,1.281102890740452,-0.4657504710543953,0.14009572211245572,1.4424267697197295,0.15456352350596672,1
3,-0.03342067882032038,-0.3025700854048821,-0.3072712177465269,-0.5719026714767408,0.5906601539839388,-0.13847424059327185,-0.5065066513123911,0.9131494218387634,2
3,0.24549007715277027,0.6777340745073804,-2.1577682722183757,-1.4908301870938665,0.20556547612464304,-0.34210589451859713,0.2736945717888299,1.461232688680261,0
3,0.5244008331258609,0.7291969825522382,-0.5521537769584837,-0.6190001612357722,-0.9606501796010243,-0.17797362105181705,-0.2044203139999418,-0.14122719573538942,2
3,0.6638562111124062,-1.36734243169728,-2.419515521986649,0.5180359231307743,1.5618401986245911,1.0342835437293827,1.8378262915372614,0.2615976301096296,0
3,0.8033115890989516,0.6771281844162745,0.6434427941069749,0.06445021217371974,0.05105095544308141,-0.6545205681730454,-0.4074566856038422,0.20347245614206563,1
3,0.9427669670854969,0.46747885611477036,1.3618948288369164,0.9990871988879743,-0.36787803329751384,-0.9448994570369175,-1.2299076741738966,0.970096383429772,1
3,1.0822223450720423,-0.6885393461898481,0.9982195921166286,-0.7351599904489617,-0.03377711966070197,0.2616349107961635,-1.3540043448998025,-0.4061992205176105,1
3,1.2216777230585876,1.0618853325188624,0.02055835645293502,0.15287441496632487,0.44088709291123945,0.47529311402106744,-0.6963472949570537,-1.01739790364735,2
3,1.3611331010451329,-0.3946547990744889,-0.41581762367005226,0.6247417333556082,0.14839907587003287,-1.0386762059735086,-0.9547907530123239,0.17606809321070765,2
3,1.5005884790316781,1.7111284684717034,1.4480748612036307,-0.038949558419628785,-1.0007864649409475,0.8163241947079634,-1.3696243227984968,0.4937492305780339,1
3,1.6400438570182234,-0.3222080170800104,-1.5418336145011804,1.288838800834728,-0.22428081602609035,0.6110542614983758,-0.8296165387459175,0.9653835317242216,2
4,-1.7068852146588642,2.025444034948261,0.7030371365713094,1.8186111592383152,0.4024596113983327,2.4476070286798794,-1.3675248996057752,0.855416984596942,1
4,-1.567429836672319,1.2290735332936695,1.5666306753674946,-0.12753946580666398,-0.032970785348187294,-0.23348489578798723,1.764533779373276,0.8416711662060318,1
4,-1.4279744586857737,-0.7395186287125457,-1.0296749528264217,-0.30674916374739347,0.6409609397513166,0.8181287675911093,-0.023097719022304807,0.6963884401972843,2
4,-1.2885190806992284,0.6354917010276439,-0.554062392419698,-0.5019260690992149,0.6151282634231585,-1.3784112760637055,-1.8370614588635035,0.456788251260551,2
4,-1.0096083247261376,0.6526720560754204,-0.17101463266535813,1.9412016129654481,0.9646928509487918,0.025856541802428572,0.06906376289835015,-0.8702119096308887,2
4,-0.8701529467395923,-0.5686761199247365,0.5084272886759839,-0.8115837798833283,-1.0652191523152907,1.2126139177585706,0.9151614449285823,0.9153987369756402,2
4,-0.730697568753047,-0.4887568441913641,-0.2487924952501751,1.1543582074502445,-1.1101514978502907,1.155729671875585,-0.36130696160253256,1.0393610278641485,2
4,-0.5912421907665016,0.6156687715510533,0.5910305491907636,-0.5583228847891726,-0.8552382854101983,-1.3461303368515039,-1.1382442910958288,2.5009164075743633,2
4,-0.45178681277995636,-1.3956233002742726,-0.738263088470271,1.1700737969056578,0.021863994928119444,-0.3981426108079168,-1.5572420043176702,1.144471907531793,2
4,-0.312331434793411,0.6059904601879574,-0.6156255813099838,0.8152833357889757,0.723725888335294,0.5180909726780829,0.2901675107244812,-2.242707203868739,2
4,-0.1728760568068657,0.8503224761012956,-0.36572091905639303,1.6282371029385159,0.7851816240257392,1.3356304703065622,-1.2405275654269543,-0.6896130025413432,2
4,-0.03342067882032038,0.43306352740154413,0.5751181616456434,-0.3303538069735792,-0.042207496661492705,-2.1407998062322138,1.3695571161211102,-0.5609521424024255,2
4,0.10603469916622495,0.44395894815370635,-0.3956913823205339,0.6781170771606316,-0.5758569635308862,-0.13710323491940457,-1.6309962851718889,-2.057125562974353,2
4,0.24549007715277027,1.372952403411472,0.2948717237861823,1.0266425184585428,0.2933046567830125,0.6469898287493041,-0.8656276630469435,-0.6108036444999032,2
4,0.3849454551393156,-1.8122355833172512,-2.4068601088561494,-0.48378398700133834,-0.24281880754670104,0.39277501256062,0.2532208127396894,1.4199119272500893,0
4,0.5244008331258609,0.2212106802140281,0.3296655955835691,0.27155492485755595,1.253868260334003,1.2625650384330585,0.7497594606632684,1.110539373932231,2
4,0.6638562111124062,0.23252631444926017,0.5950121287981877,1.607368658901237,0.7438479966440298,1.388277068221218,1.6638977728862012,-0.9338958331737998,2
4,0.8033115890989516,0.05955116913838806,1.4596591029538608,0.8379962801296957,-0.5727984498509838,0.1651119930758963,0.6410592344499664,-0.8472317208235551,1
4,0.9427669670854969,1.1843438871248047,0.38465137414477374,1.1370133968210179,-0.3466723376345861,1.2940433161137324,0.31925652952113454,-0.024315392421299282,2
4,1.0822223450720423,-1.0297251901212312,-0.7701671329752005,-0.4472978698599003,0.142456821769141,-0.4082880481879549,1.069222012764964,-0.6762599208761747,2
4,1.2216777230585876,-0.7921209757177938,-0.3971466349559817,-1.8830018853157915,-0.4486227944469411,0.4550491111842215,-0.060106878748263086,-0.1733811567936857,2
4,1.3611331010451329,0.2711163864222042,-0.07109101014894287,-0.6892371764733999,-0.38892060741524376,-1.0755288237460046,0.8592042962048458,-1.062399597302823,2
4,1.5005884790316781,-1.553124504413413,2.241180450560714,-0.8809306569257714,-0.19072892095755933,-0.6893441000050584,0.48962947850168914,-0.43998894056241705,1
4,1.6400438570182234,0.02695311376920956,-0.6013286528497819,0.12833457521014605,-0.4975590133253814,0.7495714780615718,0.8959549269839493,-0.10679030276675855,2
5,-1.7068852146588642,-0.1846418248878154,-1.4250938232995525,1.1619620318774981,-1.4193950364480032,0.07841877025527196,-0.4869382913307393,1.0066209868969513,2
5,-1.567429836672319,0.19002009345678228,-0.2867664700494411,-0.8896639875930761,-0.778738371780024,0.7898790287502392,0.23708359495752482,-0.2864023304744271,2
5,-1.4279744586857737,0.6313658099812919,-0.12777931135452264,-1.3499964156234143,0.349309440882429,1.058169498839967,0.7655596583846223,0.7430067366667592,2
5,-1.2885190806992284,-0.09476364331509099,2.009844222215942,-0.2792732433525437,-0.07740661911282533,-0.7219740219911227,0.2989133820265045,1.4052497202333423,1
5,-1.1490637027126829,1.5524757472172566,1.9021854422032143,-0.31080893008071164,0.19978210569239557,-0.27800037818309153,-0.007385661440735824,-1.3168452701017388,1
5,-1.0096083247261376,-0.4252816312204826,0.016793163960372875,-0.13407375747627445,-1.5004252596898249,0.2196871383831722,0.7620990802331882,0.3261113370245233,2
5,-0.8701529467395923,-0.2947436757252007,0.08080798423274452,-0.636460210370485,-0.5137079655552664,-0.7062348831507859,0.5327967364361395,-0.7764865747718941,2
5,-0.730697568753047,-0.6975970730253184,0.28513381584493086,-1.0312593325692854,-0.7280041163262532,-0.9214178749524699,-1.0488843988288576,1.2932837811401718,2
5,-0.5912421907665016,0.8769570051839314,1.0879879547557325,1.0253073875038794,-0.6731176985517868,-0.8424168222632116,-1.1641498521910707,2.2409954784006705,1
5,-0.312331434793411,-0.2606576142205335,-1.0176874509130138,-1.5864456002229494,-1.25770161405276,-0.7627081071811778,0.5216101147895432,-0.7207701916271829,2
5,-0.1728760568068657,0.9972333715375211,-1.1100441003997095,-0.7272777166334418,0.28319611492184543,1.0712757561469493,-0.5951589424045158,-0.6041390053467143,2
5,-0.03342067882032038,0.8054168107860428,1.4585737453107512,-1.5952900923751077,0.4516154168781242,1.3348922355962918,-1.0805186265252225,-0.7856222568102642,1
5,0.10603469916622495,-0.4547433010885377,0.8980648778046263,0.45043685522008636,0.27407618255446,-0.20739840561036282,-0.7480498049437071,2.095039880286037,1
5,0.24549007715277027,1.0385187220923118,-1.8327413851384347,0.005816618185521545,0.8806072508386982,-0.38671756992371614,0.7058767331730724,0.5566745323009408,2
5,0.3849454551393156,1.1659994915557148,-0.8945100000324318,-1.1342810372508467,0.9071823360966506,0.32239675073302787,-0.6647173101200489,1.2268595440267909,2
5,0.5244008331258609,1.0001712636421005,0.8160136455098276,-0.9217071455841318,0.24545591079454304,1.2867922219125167,-0.26562050213357213,0.19561770183326105,1
5,0.6638562111124062,-0.4834749133370995,-0.6305907478714616,-0.716672822388438,-0.34966288624689906,0.7775095166935602,1.1140363529852741,1.1095618944908028,2
5,0.8033115890989516,1.4874674553544562,-1.4352025455949093,-0.5011668762116088,0.4069454330933966,0.15178277743139,-0.8791757909861199,-0.9358158820766067,2
5,0.9427669670854969,-0.898659092048334,2.4256061246511167,0.8328128281017302,1.4574429308683157,-0.12567819403520394,0.7934191614839666,0.5621728596573047,1
5,1.0822223450720423,-1.782595641585403,0.2064030169108088,1.087587349619693,1.2419604462579783,0.22915621506265516,-0.090233913622729,-1.242744734591562,2
5,1.2216777230585876,0.6821688052865319,-1.0310625659735513,0.15330938952670395,-1.094136009370153,0.6378387172237255,-0.269870894442869,-0.8180739237036052,2
5,1.3611331010451329,-0.35330930740787314,-1.7512989337763312,-0.0430620489420828,-0.5994353244257024,-1.639974128032419,-1.7070158247134133,0.3415732999478946,2
5,1.5005884790316781,-2.5815131750684355,0.36792612267709573,1.2489699760940813,-2.29142097929124,-0.10419911410185664,-0.10276147152228685,-0.6244185499157892,2
5,1.6400438570182234,-1.5383479978774963,-0.3744463440973668,-1.9904407091681535,-1.5570281520436169,-0.31186069007333517,0.8590901065500629,1.1230022500064336,2
6,-1.567429836672319,1.6273669876144388,-0.0490336238673211,-0.6660799367831103,0.853779715861607,1.396228895755306,0.4242237852983722,0.0416645358550693,2
6,-1.4279744586857737,0.7383078864043043,0.3254603659033151,0.544235917017579,-0.6438783077719181,0.9552039680925688,1.7330584715605286,-1.6672156065028632,2
6,-1.2885190806992284,2.5657127061806224,0.3268394085557373,-2.2902641410382483,0.49046324583033163,-0.23175742932990143,-0.5753032419987374,-0.725901963093346,2
6,-1.0096083247261376,-1.70312158127685,-0.1085337215352764,-0.3463439704800345,-0.2748992174284772,-1.1087345678847642,0.8294305320064363,1.5372095767860776,2
6,-0.8701529467395923,0.1666837209867491,0.539251266975536,0.5821947358153943,1.096255991359052,0.08314346395560918,1.306434941244583,0.03489736389333892,2
6,-0.730697568753047,1.1320533516445215,0.28453019355326814,1.6115301094842094,-0.680847396983432,0.6172487105329532,-0.2437013518447564,-0.2202557852845133,2
6,-0.5912421907665016,1.3898833039468874,0.2193324534776941,-0.45227936894218074,1.9981881494750828,-1.596401089915817,0.639104246896838,-2.0414160565560744,2
6,-0.312331434793411,-2.099609816247574,-0.34038374541938454,-1.3449101995008188,-0.02777131209235251,-0.6131162144808101,-1.8972977756895426,-2.097970281421342,2
6,-0.1728760568068657,1.2464719463240408,-2.3481514820731597,-1.9741049828214652,-0.9455972836739013,-0.5558386667122764,-0.38754967835879983,1.8793277243817634,0
6,-0.03342067882032038,-0.1013336579629392,-0.04655767025890054,-0.6864726680968539,-1.6902977889381738,0.7274343178616088,0.4199321562499923,1.1266678001111219,2
6,0.10603469916622495,-1.512499656814802,1.8903819147947694,1.6388732769603946,0.8069407638560728,1.0611552441884944,0.3788130075321464,-1.1868188915665443,1
6,0.24549007715277027,0.3036132558923005,-1.3930389396200573,0.29511123757703184,-0.9833450949364275,-1.6850734825739124,0.5942428498334766,2.7705266981518797,2
6,0.3849454551393156,1.7890314298171475,1.2564418454232174,-1.7055079231905605,-2.1157166500902087,-1.0700265244554106,0.8477781938731845,-1.3145895461144952,1
6,0.5244008331258609,0.27128365471640153,-0.04010380427499684,-0.8468431171815118,-0.17138029363079507,-2.7891755501670628,0.17213914231728739,0.8858692595243933,2
6,0.6638562111124062,0.5044906613874045,-1.6709592517477174,-1.147265846580838,1.442456213836793,0.02179625857357227,-0.6466030840235172,0.6739721818369299,2
6,0.8033115890989516,0.1059153665776387,0.23025070445541532,-0.6453706077590636,0.7478677571309283,0.26791660456450284,-0.8982967915846007,1.1033415641746271,2
6,0.9427669670854969,0.30096579635720233,0.2653735085707983,-1.529091040929123,0.5846305120301849,-0.14423246212022456,1.3340451540538312,-0.22539707765432626,2
6,1.0822223450720423,1.6564561698540847,0.4614198285836718,-1.0485265233605074,0.772335866570149,-0.46167288081288105,-0.04641875786075037,-0.4794077183941451,2
6,1.2216777230585876,-0.9111544322799556,-0.3205305723915246,-0.5293640937475121,0.8134867783446216,-0.37246742271633376,-0.3704583560529545,-0.5741481280576995,2
6,1.3611331010451329,0.2659489092592201,0.12380273921421205,0.40130727697116914,-0.17335656325571347,-0.2706391330428802,0.46683589952081705,0.3762770289424596,2
6,1.5005884790316781,0.6792632197727355,-0.7192665946145758,0.5287798055160109,0.25434598974185646,0.13715262983018672,0.3297675302330765,0.14283375921216657,2
6,1.6400438570182234,0.5317749728844499,-0.5888170534376684,1.0484615680150267,-0.5451606069404048,-0.5958166244783688,-2.2451248403483404,1.487224782037497,2
7,-1.567429836672319,-0.3017370654840209,-1.935796338514921,1.8440571964665071,-1.6904734577298923,0.12064572811958992,0.7878135270990192,1.049973182345515,2
7,-1.4279744586857737,-1.8436479649447992,1.4618298182400828,-1.0746975181893295,-0.18834328028723527,0.4464650961863172,0.20713854627694175,-1.4758738145013959,1
7,-1.2885190806992284,-0.5738626105748755,0.5518532013427321,-0.6748648776685879,-0.6419208590167806,-0.5549855977095014,2.4076088782004237,-0.7171046393231636,2
7,-1.1490637027126829,-0.6217673710361376,-1.2226746228594307,0.3823237245804224,-1.616057466065736,0.6240102599340194,-0.6865605421305685,-0.4476865988613273,2
7,-1.0096083247261376,-0.29510928554735266,1.5751681139108982,0.2500671600870827,0.20603506808100136,-0.500389127788503,0.4197553228642823,-1.0653320378264397,1
7,-0.8701529467395923,1.1359471886371653,-0.188324227919173,0.5049763175304667,-0.6954011557120495,-2.0954469555850306,1.1859248569541634,1.4995067609423438,2
7,-0.5912421907665016,1.436205414228107,1.66523151506414,-0.7736384361758932,1.95958290959391,-1.887054177611174,1.6621982382961007,1.0118138513780368,1
7,-0.45178681277995636,0.6116471820109005,-1.362870908065696,-1.2288816548757027,-0.25434600549953235,0.2880180338363419,0.587379391422114,-0.46198224998787357,2
7,-0.312331434793411,0.2362997449621389,1.0147901584130115,0.3923764794002996,-1.0254584744765576,-0.6496763529878802,-0.8038562161862775,-1.8534256270381677,1
7,-0.03342067882032038,1.0711337407226915,1.315797649261641,-0.21018471521384866,0.028505339617854127,-0.45783406646157876,-0.7528519616649116,-0.91081494140127,1
7,0.10603469916622495,1.3579759814367676,0.5083504964305062,1.0898105548131876,-1.7482558377460133,0.332075810557526,-1.1015888124149982,-0.6942654342272404,2
7,0.24549007715277027,-0.05228572855669534,-1.034996423043853,0.8618192164272482,1.8975970331634897,0.547607190116848,0.959071474451551,0.38133898044852094,2
7,0.3849454551393156,0.5308336384449724,-1.122627284894397,-1.5708524062066043,0.645324134622305,-1.007965691163096,-0.8243914306802517,1.0093701505751338,2
7,0.5244008331258609,-0.914157549642538,0.9034133108596932,-1.0525500413425706,0.3267104234083507,-0.9748559173831195,1.0510848452531005,1.171570807587872,1
7,0.6638562111124062,1.4210313387361793,-0.09196960354018616,0.6201342212795921,-0.4578663030010487,1.862187840106377,-0.521040557130743,-0.46173788012751676,2
7,0.8033115890989516,-1.1224630480235627,0.3526001117291332,0.04707004286209526,0.8924520399584288,-0.4757664274276169,0.6009452508736223,-0.2622430121695356,2
7,0.9427669670854969,-0.8876984748011598,-0.13125813031761344,0.38062732209854294,-0.30475031094432586,1.1118275936256767,-1.9472705336486993,-0.7061079846104348,2
7,1.0822223450720423,-0.6745104772131391,0.33137054942906563,2.693874059086791,-0.20813623380055105,-0.2966882331687224,0.1039625871827023,0.252171926698528,2
7,1.2216777230585876,-0.7165806466695295,-0.000866628959894766,-0.9400991190769391,-0.748023478149832,-0.856856000366881,0.7020420233230247,-0.8880526359117524,2
7,1.3611331010451329,-0.0816230663720571,1.9897058197532556,-0.5064026867597299,1.4607636032131825,-0.7041509559084815,2.144414466778838,0.8962617030439299,1
7,1.5005884790316781,-0.6177597280947554,-0.09412613000978336,-0.3421029642753358,-0.5656619171156071,1.1926346357205764,0.2070760988094829,0.7582798672347337,2
7,1.6400438570182234,-0.2902922106382517,1.5594945944296559,-1.402925696050502,-0.29002495736421124,-0.8362659936761087,-0.547773479369711,-0.8420666250949506,1
8,-1.7068852146588642,-0.9381079682372259,-0.6203446601590096,0.9363961909112332,-1.1072598126341668,-0.6547947708433436,-0.0927731204287107,-1.5738440120326684,2
8,-1.567429836672319,-0.9296368326768415,-1.3152386037475705,0.18849403422360983,-0.16030690570373277,-0.9225520718466343,-1.8400708308677718,-0.6401280563340672,2
8,-1.4279744586857737,-1.9481700568183542,0.535822410216987,-0.7797119755069674,-0.865025529185887,0.0019914660031004655,-0.4159947245973079,0.659476591733727,2
8,-1.1490637027126829,-0.11647559253890834,0.6233043916442889,-0.8074468102730603,0.9575944101661905,0.13545258402301302,-0.5452973623479963,0.7140314246331042,1
8,-1.0096083247261376,-1.890889121799519,-2.189468343546098,-0.238209533020194,-0.6104618608168101,-1.2849087259585992,-0.2797656314300841,-0.16884285498839038,0
8,-0.8701529467395923,-1.648347260332389,0.6662839465111869,0.20498683613077173,1.1032670467356032,0.3720880681298485,0.4947626603268288,-0.7042752095580912,1
8,-0.730697568753047,-0.7753617396120248,1.111489139957439,0.5968243939558397,-0.07572880659322453,-1.3334971481534759,-1.007336232441141,0.3121822417881778,1
8,-0.45178681277995636,0.24609258480028925,0.6519870206047683,-2.371691460168458,1.9998193575866332,-0.9452650580381071,0.5253934392949396,-0.01845050917473364,1
8,-0.312331434793411,-1.2758908731326093,0.7212573928557844,0.40965465345514673,0.07198328849373202,-0.15545361205778357,0.3454850760549292,-0.32376275887568795,1
8,-0.1728760568068657,0.09305046563950768,-0.10040843542637583,-0.9972284715168379,0.3788886667874875,-0.47667378494294743,-2.284326278725862,0.6266865665721992,2
8,-0.03342067882032038,1.2356733325933065,-1.5704214700322632,-1.518932208177163,-1.8261773558750398,-0.6952768148383497,1.1807140297321994,-0.42619313797717623,2
8,0.24549007715277027,-1.2224920121938776,1.5352085066720624,0.7153212494294909,-1.3331449506747521,-1.867540205938329,1.3056341042166077,0.259764855057285,1
8,0.3849454551393156,-0.038035555981559666,-1.4317510699830773,-1.0168656157406937,-0.11207506986620677,-1.6842949825399114,0.3101411833173558,1.0913452123792886,2
8,0.5244008331258609,1.652497623036225,0.04957887129352037,0.10995688165645183,-0.9858725698967381,-2.6498814305166345,0.6260132165773289,-0.47360728434151955,2
8,0.6638562111124062,2.470171913275047,-0.5375722524015621,1.280474594153239,-0.7562218852390838,-1.461494186118474,-0.7997975554442139,-1.2999273390977477,2
8,0.8033115890989516,-0.7509822289743987,-0.617242976162182,-0.2500574228312871,0.8291018804691397,1.0914818775637776,-0.9646899648066358,-0.7171046393231636,2
8,0.9427669670854969,-1.0581908390514791,-1.879405959044135,-0.13919152291524983,0.3314650223919824,0.2131262553246916,0.8927744310767094,0.38156113706635825,2
8,1.0822223450720423,0.6168676647630585,0.28970740824790725,-1.4083233396256123,-1.4135838604561883,0.15039653934217792,-1.6544204586791633,-0.1837668857558549,2
8,1.3611331010451329,1.3525653776193034,-0.7371503695994236,0.627225002704249,0.23928062486616336,0.41842804301576697,-0.1459878618557805,-0.8757706570069056,2
8,1.5005884790316781,0.623842689927788,-1.0122748515140843,0.5403404736531134,0.2640108929703485,-1.3620963150706733,0.07564499444106487,1.681998863103886,2
8,1.6400438570182234,-0.7494018338128022,2.287717335331931,-1.2128943469800924,-1.1699871486317355,0.6004975220322963,0.6595777454508287,-0.6821152832190895,1
9,-1.567429836672319,1.8787489493793021,-0.963076227997555,1.0870847112189865,-1.3979854406886858,0.011623400542623416,-2.023445738668679,0.10764446413143691,2
9,-1.4279744586857737,1.2500294266062597,0.21455323304632662,-1.0930078947227597,0.14595226492611046,-0.03564885728021018,1.084260379930731,-1.3596234643669383,2
9,-1.2885190806992284,-0.6699856480924326,-0.6737837249115185,0.29561870883991953,-0.9303998693051868,-1.889741347657086,-0.5320824576636091,-1.385701245857026,2
9,-1.0096083247261376,-0.25391084984634127,-0.1501129045567286,0.9887513635010536,2.4896207171269307,0.7262925162762153,1.3228716642175349,0.8232729161292244,2
9,-0.8701529467395923,-1.396469753662156,-1.3420958858852146,0.39269062863635207,2.344411898040049,-0.08137187711765989,-0.2082887704614057,-0.13978026690494283,2
9,-0.730697568753047,1.6260969336137392,-0.6716756922214152,-1.2478505183058473,-0.463526097246574,2.003409674126712,0.5370282410628494,0.21961040322460734,2
9,-0.5912421907665016,-0.3237385395173447,2.0731906613752065,-0.8765664070807644,0.8679497094213472,-0.4014330236574345,-0.5557622625552473,0.8655677436392022,1
9,-0.45178681277995636,-1.0040954984082124,0.09517881661020146,-0.5937931169590116,0.0885634275353992,-0.5637101747336924,-1.3657055408151144,-1.3938987526972406,2
9,-0.312331434793411,1.4570489949664192,2.35214230842696,0.7063904518586214,0.1810814795419643,1.224030651448515,0.10812999929723888,0.4548245632331831,1
9,-0.1728760568068657,-0.2641603079092152,-1.087604346451095,-0.00020456262539422231,0.5581039739481708,0.3995995722604481,-0.805682058808274,1.043581966214434,2
9,-0.03342067882032038,0.7957041725197198,-0.41771361322964934,0.12126623153564828,0.6740185545410662,-0.2904563902435496,1.1302272791578807,-1.9257369628399645,2
9,0.10603469916622495,0.516860054236794,-0.04358444919271049,0.5220627377883282,-1.956970521583412,0.12971928791764356,-1.7207477801546551,-1.7537892691687653,2
9,0.24549007715277027,-0.5925825230905211,0.5966550614772821,0.12767486313385915,-1.0218290390586773,0.30516473921842663,2.3881383537739334,-0.9509668288140685,1
9,0.3849454551393156,-0.1376926353957433,0.549966239404942,1.0096784936397483,-0.2740836145961068,0.7246191847781118,0.017220928099676597,0.5059677345925486,2
9,0.5244008331258609,1.1186236502728082,-0.36003165816356064,-0.8174098084376212,0.9308348427034998,0.20382004034406329,-0.593213967856741,1.6080769066682514,2
9,0.6638562111124062,-0.8209510793485003,0.8343654113876895,-1.2304366904840915,0.14014108893429575,0.045788848269207594,1.0202268752615196,1.9660791105824704,1
9,0.8033115890989516,-0.1952368783336214,0.16012117841681003,0.32887358262018973,1.0124728831455228,-0.37510972470010734,0.15991551802606538,-0.030599195428476743,2
9,0.9427669670854969,0.9342528820010026,2.4851092613204724,-0.24817253118475485,-0.9610257871022151,-1.214301962545559,0.4473323207576943,-0.04264314954273552,1
9,1.0822223450720423,-2.364870331601473,0.9329323036510409,1.462232002118221,0.43048142256309685,0.16232428448212333,-2.0269795006130202,-1.8026315554793129,1
9,1.2216777230585876,-1.0009255349921307,0.4180448102521476,-0.3964990051803309,1.0478844230421405,-1.9862727645123264,0.754572262001355,-0.7484028099210824,2
9,1.3611331010451329,-0.3568717349244356,-0.3086183381153289,0.1881798849875574,1.071091482823028,-0.6133355758492856,0.14231093820096072,-0.10788996823803172,2
9,1.5005884790316781,-0.7657664060245873,-0.312934230860874,0.12654392814593948,-2.2896033486538707,2.2669268319323437,1.1940904378411434,-0.7522939344038932,2
9,1.6400438570182234,-0.9811732623766442,1.1784237842537397,-1.3855700039417997,-0.44233099382822266,-1.03154697877269,-0.1028532300467583,-0.2976608089378723,1
10,-1.567429836672319,0.5113448819925801,0.43353644933023056,0.26432950750747786,0.893697689388681,0.4503998808964011,0.6111807975908156,-0.20026186782494657,2
10,-1.4279744586857737,-0.06815650810448384,-0.818655559740863,0.10100364633542176,0.0896756132159047,-1.0994574319228474,-0.8465167575276308,-0.9333721812737036,2
10,-1.2885190806992284,0.637085170694143,-0.35449278697954184,-0.7895134120689371,1.0250098775280996,-0.6340651733463152,-0.4381126969172332,-0.4905735522409662,2
10,-1.1490637027126829,-0.7763396812846051,-0.7315077254558084,1.2066496707024124,1.1095879741917976,-0.016271985023106804,0.12366709691712133,-0.9736932500199275,2
10,-0.8701529467395923,-0.4802534584156573,2.2793595017713097,-1.0247478895562137,1.5465767570625553,1.9205012573782805,0.6356173837142436,-0.11228863012312341,1
10,-0.730697568753047,-1.17661367343536,0.22476836380501378,1.387374878073703,-1.1029699486871687,1.0293479263745127,0.18256482908340038,-1.391042477203495,2
10,-0.5912421907665016,-1.2893333671319198,-1.4392800861406798,-0.7644443531700521,1.752773011799704,-1.142708074893784,0.04077135611244615,-1.458279166961031,2
10,-0.45178681277995636,1.2157275057619823,0.03749582981590789,0.24604605853611072,1.411932247311366,-0.7576749954582281,-2.0421514314927167,-0.26624179610131515,2
10,-0.312331434793411,-0.7291816517730937,-0.664739406472303,-0.385044663781009,-0.11905618117042525,-0.9149482673828208,-0.5934256326555872,-0.4472636499264284,2
10,-0.1728760568068657,0.6295377620210514,0.9384001337081989,0.4831654276699209,0.2563646087705922,-0.41678828106264215,-1.5776680606385258,-0.12878361219221507,1
10,-0.03342067882032038,0.24612710038873375,-1.8255588713237323,1.808008643726569,-2.4072949550565204,0.6412849245148762,-1.0615620447559209,0.00042708068233869177,2
10,0.10603469916622495,-0.3316702424511333,-0.4576429070679583,0.2988649107011945,2.516640201975762,0.13429484751924614,2.1139333083743317,-2.101461281625775,2
10,0.24549007715277027,0.3627194799253396,-0.730670654227136,-0.489229229745198,-1.5418035511585049,-0.8309536965018324,1.1805637204622392,-0.27601659931292577,2
10,0.3849454551393156,-1.0862978836735087,0.21528288451372293,-0.9466595221505292,-0.55278703282254,1.3978741040994715,-0.46789818696581775,-0.20026186782494657,2
10,0.5244008331258609,1.2757934794514543,-0.7295661968432898,0.9832416800815822,-0.1495472111737361,0.45432728356648766,2.0760841945267816,0.3546462462329178,2
10,0.6638562111124062,0.817558233926357,-1.6535225904823947,-0.2098464016668879,-0.8746397663001628,0.9157068333404195,0.6060509843604923,-0.581479230466407,2
10,0.8033115890989516,1.8339975710454328,0.35491399207293683,-2.371817120239858,0.8330983375286083,0.43926731927762636,-1.7422632307611219,1.8634436658638982,2
10,0.9427669670854969,0.896139707311512,-0.9108847678099967,-0.8749715003593762,0.808096950537783,0.13127629182445896,0.8661350051860217,-0.4015852397345821,2
10,1.2216777230585876,-0.938879339865567,1.185350919799475,-0.7950267201350447,0.71300070118004,1.2713303299222596,-0.9724851929588891,1.229303244829694,1
10,1.5005884790316781,-1.832643244829231,0.6887104156822504,-0.5286444081888158,-0.5738995147757487,0.40702127872669264,-2.030025917525513,0.8378223370565772,1
10,1.6400438570182234,1.3506451063077787,-0.9353847118838067,0.31038369277612815,0.16756576078181828,-1.3099524214117637,-0.07564737707880197,-2.245639644392356,2
11,-1.7068852146588642,0.27670215915206137,-0.613629373656296,-0.5728451173000076,1.250993257474895,-1.2421333665924967,-0.09669514611197383,0.26984512114417497,2
11,-1.567429836672319,-0.3821036758993439,-0.18427465895520184,-1.5831898777739677,1.136465822942328,0.1244845424708908,-1.9548008871208764,0.12164020569333428,2
11,-1.2885190806992284,-0.010539444178106245,0.7166998739610548,1.0443919154250227,0.29490188113736376,1.6508930989072101,0.37694659189843516,1.8726075455242823,1
11,-1.1490637027126829,0.22234330349622083,0.6590411353333995,-0.9183562285674335,-0.4853249586057711,0.6708757838598886,2.03500763855017,0.039220835052166156,1
11,-1.0096083247261376,0.06989625839164405,-1.5224567883432947,1.0604134944205506,0.3374152212880094,-1.8851347704355237,-0.9330897620589691,-2.080689823701436,2
11,-0.730697568753047,0.2558422237774249,0.12210415194896106,0.09110796519112488,0.32787985467769915,-0.8311544165878193,-1.1817445581794634,0.5759725814502861,2
11,-0.5912421907665016,-0.2712877182464049,-1.7229983787978367,-1.6698948935144706,-0.6715050274799454,0.26791660456450284,0.03464566635535212,1.8251219912828962,2
11,-0.45178681277995636,-1.318155975127335,-0.22594774967371933,-0.32511038146320553,-0.07003440954733063,2.262704136145911,-1.6351574418343993,1.2852862132766136,2
11,-0.312331434793411,-1.4115559421112298,-0.5799832867198684,-0.13507903239279448,-0.8743678986893727,-0.268034224949702,-0.9089984212199227,0.7701929105732993,2
11,-0.1728760568068657,-0.11248347125764913,0.4904631027355864,0.8540702176453805,0.5303734507326583,-0.3809593483967648,0.9675643300259905,-0.5057244989784289,2
11,0.10603469916622495,-1.1671392352985261,-0.007921775416732259,-1.1506167654824269,-0.953481451727248,0.09462709666325325,0.1778358144045106,-0.6743398719733676,2
11,0.24549007715277027,0.48056190822758416,2.177718950722366,-0.41808204933864374,0.21865750510173967,-0.15136168932104316,1.525939848345572,2.1341708316773143,1
11,0.3849454551393156,-0.4002028600724124,-0.4136894697261368,-0.1769655130079888,0.469746912356188,-1.1137463549939928,0.5082919541098192,0.21272360965291126,2
11,0.5244008331258609,-1.375942565817915,0.46187492542788555,0.06283459049313513,0.34822197043926845,1.289564698090942,0.018231984713679903,0.26343040516197325,2
11,0.8033115890989516,1.721643851885744,2.064768791713641,2.841164877482288,0.49165169616114746,0.915280298839032,-0.22492910786254097,-0.12485623613747833,1
11,0.9427669670854969,-0.28724557487123953,0.41312807628428844,-0.3127973870987629,0.9247372332353463,2.1793470234208425,-1.7175051436646536,0.8459912811858404,2
11,1.0822223450720423,0.6212252578041156,0.09064004758798122,-0.2764459058827446,0.2520826896187282,-0.022350106466397488,-0.357948586760555,-0.7390979487486191,2
11,1.2216777230585876,0.3262703788395491,0.2091568450599118,0.12849164888572637,0.08682099963239195,0.5621093785192793,-0.25152323257612086,-0.3817066705849587,2
11,1.3611331010451329,-0.08380740954764924,1.3519277801900518,-1.0202241496045363,1.9306561674228342,-0.988387737971457,-0.553039827742887,0.637683221284927,1
11,1.5005884790316781,-0.0105730013837113,0.5593868602772633,-0.2429890791567907,-0.37766527707320174,-0.02714862440552428,-0.4403019267050146,1.0661861991911181,2
11,1.6400438570182234,-0.6029065198676791,-1.0660958216989205,0.7966857375815576,0.32652691258755656,-1.2349675785237948,-0.3454335183544883,0.7131935829125494,2
12,-1.7068852146588642,0.4604025288484776,-0.2701603346677575,0.763289325402656,-0.6016425876845922,-0.3795813100150064,0.44416854649802734,0.452770242977003,2
12,-1.567429836672319,1.4293022965393043,-1.6735130344373894,-1.8190726448941537,-0.024712798412450155,1.6229017429826984,-0.5915110361244111,0.6153233559692698,2
12,-1.4279744586857737,-0.20475003145549373,-1.6435316256606407,0.5140776506730556,0.9693041475558717,0.9632654782303025,1.041351069289581,0.49472671001946306,2
12,-1.2885190806992284,0.6599229850479361,0.7577902374378758,1.070686153894153,-0.05542027575867126,0.8097129041782357,-2.0690109793535587,2.0342583698013845,1
12,-1.1490637027126829,0.5771891195476209,-0.7127289109290157,0.3811927895925028,0.973463726160539,-0.6521076007974332,-0.5557232846302725,-1.1701668134875574,2
12,-1.0096083247261376,-0.8858835301088123,0.09684893175224518,0.4974199207468233,0.7732534206741197,-0.6948623956350549,-0.4353945977433278,1.643052378396085,2
12,-0.8701529467395923,1.2547301207037242,-0.557428742793135,0.15879271085160612,-1.6500069679126546,0.03130604971806386,0.565082562418532,-0.20226125979083634,2
12,-0.730697568753047,0.5483225824122724,-0.7773140751508187,-0.7817853563181538,2.719263334648902,-1.8379173539145128,-1.2322363259617395,-0.044109370904209466,2
12,-0.5912421907665016,1.1894573082742077,0.38499187765213577,-0.45111253242306965,0.2750895097323977,-1.2702846705557709,0.7725141259508463,-1.3512450603573682,2
12,-0.45178681277995636,-0.37175945873995586,1.0354545175282008,0.16885974561059772,-0.9883485076781363,0.3592920215717806,0.683464037354154,-1.1844624646141035,1
12,-0.312331434793411,-1.4899494723647089,1.3319061239030225,0.26404677376049795,1.5901824245760845,-0.3851180626644023,0.09490260511935962,-0.26624179610131515,1
12,-0.1728760568068657,-0.5351168077184312,-0.6650060086161911,0.712987572621485,-0.42555286373859497,0.4878009001706815,-0.28643094224298526,-0.22853898025758054,2
12,-0.03342067882032038,0.43523033895924496,-0.39860512834166256,-0.6235172871026635,0.2146260929011261,-1.4714385425639778,0.7332447818403669,1.4199119272500893,2
12,0.10603469916622495,-0.770314793184926,-0.5481716661642605,0.5937457382281346,0.5332008777997734,-0.5045691705086777,0.345271156010401,-0.6269320706787941,2
12,0.24549007715277027,1.2386228460965154,-0.7923870675250195,0.9483147999720138,-0.23738145043727682,-0.13015680821917944,-0.3292534794517805,0.5132988370012561,2
12,0.3849454551393156,-0.3158250297502243,0.729596476543898,-0.6474554110136276,-1.2130473143261828,-1.3659351294219755,0.01205265793467889,0.461370189991078,1
12,0.5244008331258609,-0.5116051179189753,0.7937985733622506,-0.1281049333006238,0.938963691851239,-0.0075706712138851155,-0.06992124049221833,-1.5440530737203093,1
12,0.6638562111124062,-1.4111060072549497,1.7999050434551567,0.4153093283947436,-0.9316931826126272,-0.4902741552391572,1.1370527052773467,-0.17512665799556784,1
12,0.8033115890989516,-0.16407423194522114,1.3831641918402022,0.5693319034785257,0.1291741323896725,1.9292756890844514,2.3166522291695104,0.8805521944263207,1
12,0.9427669670854969,-1.7393821248534902,-0.2765939031868424,-0.09243335888999282,-0.8725327904814312,1.490622599740366,-0.8324199839814925,0.7619454195387539,2
12,1.0822223450720423,0.1782464431154956,1.3090816911140808,-1.2342064737771574,-0.42629564458365204,-0.29586562899663965,-1.8372398801991008,-1.3796530857650255,1
12,1.2216777230585876,-1.5116860749228327,0.010250617872572107,0.2101254088886325,-1.5507363514248986,-0.7600879628338402,0.06408541867666921,-0.4877458416575026,2
12,1.3611331010451329,-0.48930421310226246,0.25852997876275713,0.33630095291595286,0.30540277892063283,0.842982629835788,-0.018659602488972957,-0.385372222888979,2
12,1.5005884790316781,-0.267647020880447,-0.9185723074742779,0.5598176885905466,1.0168130608659616,1.0202078898283389,0.734263567666629,-0.8563955982846072,2
12,1.6400438570182234,-0.053123051420915536,2.0711410873246527,-0.8554217906043262,-1.0945808836423545,0.8992852377623364,0.004511384006235085,0.5768350644747215,1
13,-1.7068852146588642,0.6806208329181995,1.0174077856699242,-0.9534989853172787,0.8310593292242772,-0.4878063465617222,0.6784170936973629,-0.7742872438293488,1
13,-1.567429836672319,0.09695504158223629,-1.075736351352432,1.7283719716605639,-1.0265289542645233,0.1679111298199908,0.3412422523786883,0.3591929406850908,2
13,-1.4279744586857737,-1.0036133259923259,0.99564955715392,-1.5057722377513505,-0.3566227029554727,0.517963013479311,-0.15060336844939048,-0.20026186782494657,1
13,-1.2885190806992284,-1.0634806141484774,-0.4040702232975604,-1.847188944031671,-0.26123785714051656,-1.3246678751454821,-0.0038684737679435368,-0.35971336115950314,2
13,-1.1490637027126829,0.8809032874626971,0.5979234410644131,-0.7814083779888468,-1.0576340383891318,-0.839825622576083,-0.010103703519813982,-1.1085855470962804,1
13,-1.0096083247261376,0.6314518078709394,-2.579862117944282,-0.42912212925189114,-0.21150457002260534,-0.1725000936747854,-0.4386088188514228,-0.6161353549427219,0
13,-0.8701529467395923,0.2001638417774477,-0.8968821806812582,0.27130360659964853,1.5112727716345997,0.17362136616755197,-0.24800357555204366,2.518111177161416,2
13,-0.730697568753047,0.37944356075375896,0.7818213325476894,0.2411924625462887,-0.8306311530667664,0.5222816796245254,1.4444236006444822,-1.2366965744995615,1
13,-0.5912421907665016,0.9023259626902849,-0.11327950018232284,0.4532165935211361,2.5693825698520745,1.1029556675514247,-2.3231039753524065,-0.8918292632256947,2
13,-0.45178681277995636,0.5397492933658107,-0.22292190280764282,-0.8123834300852361,-0.38989933179281205,1.9220093624678896,-1.9918449410642798,-0.07013478632455496,2
13,-0.312331434793411,0.7797700568671356,1.1234890813463287,-2.2964214543785517,-1.1707038905147278,2.2507611585906195,0.7534468337428065,0.41310709528491824,1
13,-0.1728760568068657,-0.005922984223719233,1.0725694917668385,1.6519553221957546,0.17449839342080456,0.11360790308847468,-0.09503582769091692,-1.3219206485232038,1
13,-0.03342067882032038,0.9175767398733736,0.04989302487108981,0.06157799543381589,-0.6132387979400966,-1.901343096843505,-0.3193312727157364,0.3251338575830941,2
13,0.10603469916622495,-0.806296335754977,-0.9872477811552994,-0.1371995354951445,-1.3095943953395022,0.2780371165229577,-1.7248032150389712,0.09389864574052671,2
13,0.24549007715277027,0.3840908385265483,0.25034267148745587,0.07481711622964936,1.4186434998365787,-0.44091797017401924,-0.6834693924913423,-0.8317840381559936,2
13,0.3849454551393156,0.7047702396328658,-0.912307028126877,-1.6000168200779838,1.00576163062031,0.45999691677465604,-0.9208090215297963,2.3971479753214076,2
13,0.5244008331258609,-1.7839168212262255,-2.016847836392628,1.3180153534083112,-1.2640225415089552,0.4043980901995749,-0.24008345246487264,-0.8142417566853709,0
13,0.6638562111124062,1.2816836578115152,-0.7419047161873933,1.0548016574134023,-0.9499966008148549,1.8753328694383076,-0.9182897122711604,-0.6801158912531997,2
13,0.8033115890989516,-0.6888740427004698,0.878888291193655,-0.34601554318975947,-1.0098322491494878,0.24313880458738024,0.721068228665903,-0.5681499521600303,1
13,1.0822223450720423,0.38068036933967053,0.5210604762357358,1.5781424827852746,-1.1502928872378435,-0.301033264290901,-0.5709610162280095,-0.5335450962873173,2
13,1.2216777230585876,-0.4203401494749136,0.48572619082203905,0.2027877952481857,0.608552459011368,0.6724752911192023,-0.9833711246970287,-0.04905786552493726,2
13,1.3611331010451329,0.9376222603798402,0.0429755170860949,-1.1459194948662026,-0.009944547342866613,0.690709659287885,-0.9930074683376052,-0.8694868539997281,2
13,1.5005884790316781,1.150493043602786,-0.2179845904588726,-0.6745350216304444,1.5905494462176728,-0.4509537287892263,-0.13857420200340934,-0.16727190368676326,2
13,1.6400438570182234,0.5783232028392041,-0.6121427069399823,-1.9464599047106885,-0.7541246183661777,1.785594353580939,-0.044443184053921156,0.6920381152076487,2
14,-1.7068852146588642,0.6893216375051298,-1.3743693146259433,1.802825191698605,0.2664577039142709,-0.20469378815322511,-0.8478400479105029,0.8306745114933041,2
14,-1.567429836672319,-0.2434956974001032,-1.3728264033996727,1.0792624108858762,-0.879057620480827,0.05634558773528708,-0.5216828739388941,-0.8435661685195349,2
14,-1.4279744586857737,0.5474673632154446,1.7916295719400601,-0.9136963560863672,1.4623365527561587,-1.970868289668322,-0.033209862406946226,-0.07929866598493912,1
14,-1.2885190806992284,-0.7677272204968172,0.6885900227049114,0.300869477888149,-0.26039312502385825,1.007411843270271,1.0202835882672525,0.8931198004406756,1
14,-1.1490637027126829,1.6333907804194447,1.274628427529145,0.855027621968753,-1.1169517262086688,-0.847558092580509,-1.3293648223492656,0.3809898806480099,1
14,-1.0096083247261376,-0.8657306304561774,-0.5911315313666216,0.4682312860177853,-0.23499737817276717,0.3202640743872756,-0.6326947983447307,-0.944650801209921,2
14,-0.8701529467395923,-0.6502283500072686,0.61853885182679,0.835404554115713,-0.7749662040925406,1.433520236264754,-1.1909085919972997,-0.8710578053013553,1
14,-0.730697568753047,-0.024323453817795604,-1.5427245373454301,1.2300965805409405,-0.33073099486648166,-0.5895349268712162,0.9278618003232407,-0.09829288856122603,2
14,-0.5912421907665016,1.3290824508102175,-0.16489783279731698,-0.08300890065733,-0.0825187069626084,0.7708449088713063,-1.241210027035614,0.6079922535605613,2
14,-0.45178681277995636,-0.9714198692540056,-0.5520832108352026,-1.2927166525999052,2.4267878673010275,-0.8307404273317319,-1.2469447849411337,0.6813032842456384,2
14,-0.312331434793411,-0.19488624367477608,-0.8640064857074757,0.24545964801106648,0.9672651392515406,0.552299073470924,0.11058286801892508,-0.9626965953071988,2
14,-0.1728760568068657,-1.5246807832365037,-0.05163757051036678,-1.66914522121457,0.4811653642434279,1.7339074592541093,0.05951719373699328,-2.7734790706033006,2
14,-0.03342067882032038,-0.8864923471218171,-0.7673032470073048,0.8392528751890136,0.7072914764598256,-0.5744995693823466,0.9779722424586511,0.6776377341409492,2
14,0.10603469916622495,1.8055643966818329,-0.4353625730037474,1.983162199980618,1.012368020168899,-0.5749474323362698,1.0704694312590868,-0.6709186895297061,2
14,0.24549007715277027,0.10952944667230673,-0.18370496877413792,-0.1663972327832188,1.565290828439124,1.425252021329461,0.8420947891964761,0.12117880805489767,2
14,0.3849454551393156,0.22777631253266306,-0.21349722908219343,1.1466472872494193,1.3190233392778072,-2.6405585934698657,-0.41411180142162746,1.3518373979713287,2
14,0.5244008331258609,0.6041368453808367,-0.0051126144580927865,0.30996482838465234,0.32701627477634065,1.111486365256803,-0.37969913959251145,0.09298225711468983,2
14,0.6638562111124062,0.692425164166055,-0.14103060626135266,-0.9189426390924778,-0.12009764422740717,-0.18773902348870503,-1.5667442143665713,0.5152537980834446,2
14,0.8033115890989516,0.46295298117173433,0.6566859807537639,-1.3635143250880106,-0.16657222448760545,-1.5300444429401205,-0.5321632325706604,0.6854686850909631,1
14,0.9427669670854969,-1.0468939559849284,0.009663855654227286,-0.4908523306758361,-0.6776035178000396,0.39991947217678475,0.9159827219047642,0.4375441055132769,2
14,1.0822223450720423,-0.4352150403946503,0.5074664943373454,-1.98227284599481,0.6176221289883432,1.3726897928766189,0.5377217148363429,-0.7619371538445423,2
14,1.2216777230585876,-1.1362989184854089,0.12415844538992532,-0.7701304435987228,-0.09138839663432549,0.7917984359258897,0.1910211511051627,0.2835909395350852,2
14,1.3611331010451329,-0.7160971960263508,-0.208053213048616,-0.7340557115987071,-1.783222229327604,0.32239675073302787,0.8743253045648344,0.8187614681547384,2
14,1.5005884790316781,0.3910235406767284,1.2765401151909364,6.76986635975826e-05,1.7488581142894275,-2.0697817407331325,-1.0771489326337156,-1.2207514251661065,1
14,1.6400438570182234,0.054696324971372855,-0.04339872023903905,1.4706772968383433,0.0007006706903076007,-0.5724347555966968,-1.5853649144031834,0.1396347333863414,2
15,-1.7068852146588642,-0.6570164157345922,-0.13074098932295403,0.019717694078700724,0.21752148503582974,-1.2253385538055523,1.1496046462366287,-0.04905786552493726,2
15,-1.4279744586857737,-0.17554552918329733,-0.5690499045797106,0.157786007187219,-1.2855850629522676,0.1376804668034905,-0.8717529674139528,-1.3384156305922958,2
15,-1.2885190806992284,1.2698594536383534,-0.27059251386611444,-0.41616349918197876,-0.38194719622506573,-2.424488186793405,-1.130240877360774,0.3440725404550889,2
15,-1.1490637027126829,0.1262119810869167,0.9488190767557844,-0.25020241435141394,-0.5950550190057835,0.31494879445424845,-0.0524713591019298,1.7960539114700849,1
15,-1.0096083247261376,0.037883050109815616,-1.169811321183222,-1.6401650121491298,0.5931069649278603,-0.13319587086023144,0.5964628216173814,1.3530156103478839,2
15,-0.8701529467395923,-0.6807430064908186,-0.012813689170628402,0.2581093650739198,-1.0772085259405086,1.116818052282368,-0.6454263953152516,-0.3762083432285948,2
15,-0.730697568753047,-0.11493210259499605,-0.14413383785048903,0.6109953524047528,-0.12097256509749024,0.25884304476644915,3.517094932609515e-05,-0.2682411880672049,2
15,-0.5912421907665016,0.05317345579051636,-0.01564838795616544,0.9787034415433589,0.14326077288779643,-0.4908773980427632,-0.751230247324546,0.18022238523544157,2
15,-0.45178681277995636,-0.7739696108781156,0.12233249076680952,0.7050171744668159,0.9022615276924081,0.6365823769345323,-1.7955945562572977,-1.8541587366192391,2
15,-0.312331434793411,1.151747109982919,-1.1631140260795574,0.15293241119739695,-0.5976335809317919,-1.3691981216205813,-0.9381016173759021,-0.1276839467209419,2
15,-0.1728760568068657,-1.233889826894676,0.573407127243563,-1.0507593942783655,-1.3686237093616214,-1.7569183711020486,0.490714280222122,0.21321234937362588,2
15,-0.03342067882032038,0.6692786274324634,-0.008127497935080894,-0.6110141731422929,-0.10668096503383814,1.48854324068714,-0.49890441438200017,-0.4568504785217105,2
15,0.10603469916622495,-0.31638111499772426,0.07144411351935331,-0.19633801090510675,-0.12645935268160438,0.39448115056617006,0.7969875881959159,-0.25157958908456707,2
15,0.24549007715277027,-0.027385927637825352,0.03833006634579477,-1.3240686830256014,-1.36878683090682,0.6980034065553574,0.34475730256388026,0.1267053330332757,2
15,0.3849454551393156,-2.544314410358396,0.9492217878556847,0.33048920430077433,-1.1098734520418672,0.18494586850389275,-1.2210707187800507,0.9543868770114939,1
15,0.5244008331258609,-0.404507430266502,-0.35802474760662084,1.7839120173921563,-0.42526687068822516,1.4998270285584707,-0.36156648614043874,-1.4778732064672853,2
15,0.6638562111124062,-0.22466552598769293,2.139369646481199,0.7734387412359516,-2.15282661688863,-2.2363862835796247,1.876882721899546,-0.7244357417318721,1
15,0.8033115890989516,-0.6740338330440016,-0.2137708490209134,-0.426025521816143,-0.8021869758436735,-0.4346113471452834,-0.511537494227858,-0.21597137424322563,2
15,0.9427669670854969,1.0971520779615904,-0.038677123360281895,-0.686645450459417,-2.4253401857679453,-1.2378147004472821,-1.0257974880354097,1.6279319781660841,2
15,1.0822223450720423,1.3842642478350935,0.544351464691821,-1.446492395467899,-1.2410836889096861,0.5995378184444705,-0.12818205131153576,-0.7803354039213497,2
15,1.2216777230585876,-0.6923555840860338,-1.495318590109787,0.5556709269681737,-0.6241406986753436,-1.3639517407275312,0.10504228962136329,1.6999600665344528,2
15,1.3611331010451329,0.9038446485818225,-0.07211252322481072,0.1521784545387843,-2.1687308880241227,0.6089429136051594,-1.6590094554307302,0.4551387530536417,2
15,1.5005884790316781,-2.41319544245764,0.1916421529645057,0.8740919551607959,-2.2891139864650865,0.7340882614575934,-0.5564797910932058,-0.2310525010205855,2
15,1.6400438570182234,0.6420424720844154,0.25039511596877123,0.5701060548662401,0.3750349395508102,1.0791496864602208,-1.3244547314253041,-1.3397902124313865,2
16,-1.7068852146588642,0.2779964937187116,0.07346585899993714,1.242148464635372,-0.7958660483874783,-1.6416899590442047,0.8648323010568504,2.723015510708359,2
16,-1.4279744586857737,-0.5576012480261755,-0.3988288882271495,-0.17385394707213495,-0.3175436356881991,1.6929144076479155,2.474111609259369,-1.2527988198429125,2
16,-1.2885190806992284,0.6752709167093762,0.7048567067377012,-0.37681638606060897,-0.6107240194817746,1.2775684032431245,-0.8185209619384504,1.3310223009224273,1
16,-1.1490637027126829,1.510624858745809,0.15133495036377803,-1.6093784492173935,-0.4934809942699078,0.9735023177800455,-0.7255233012916641,-0.7720879128868035,2
16,-1.0096083247261376,-0.9171402717439088,0.849905179054343,0.6773092672627846,0.0341330047888747,-0.008338434084146383,-0.36790628150024957,-1.3549106126613875,1
16,-0.8701529467395923,0.9319198836375423,-2.5164741364020053,-0.24482161228316474,-0.9235759851786032,-0.7221872911612232,0.7431182224569652,1.0997870890798611,0
16,-0.730697568753047,-0.6681548837553815,-1.1015774399435498,-0.5891023077513519,0.05740829389293282,0.690709659287885,-0.4213349964982485,0.05266119056779708,2
16,-0.5912421907665016,1.33577464028648,-0.11868500772672326,1.6197550905291187,-1.4352993075834966,1.914651633681623,-0.453665684741264,0.4577046398863888,2
16,-0.45178681277995636,-0.6454450647087349,-0.14402704376597308,-0.4917005319167759,0.9768892614820297,-0.3949070392602219,2.345150705461176,1.576797533751899,2
16,-0.312331434793411,-2.3740854460686895,-0.26338517217610224,-0.8257871038067034,-2.3571353307061185,0.1530623809355525,-0.4196219054550691,-0.8478426443747826,2
16,-0.1728760568068657,-0.7823799092623083,-0.15311851014120503,1.2520298658405544,-0.5393772365081564,-0.30685859597034376,0.7870127543027245,0.945389614264655,2
16,-0.03342067882032038,-0.8083816525568028,0.2062838395340306,-0.5300685493817034,-0.3719560523529874,-0.4184944190681908,-0.8031365822765595,1.7375930624180844,2
16,0.10603469916622495,-0.5620093822433916,-0.04095637441081391,0.7919106793719716,2.7615931639787537,0.1459819028381804,0.11138695231520906,-0.31902573872240964,2
16,0.24549007715277027,-1.353701399431161,0.5713896389187221,-0.44260635381787217,0.5491114225585264,1.1473809186152015,-0.6601305079509103,1.325735448033513,2
16,0.3849454551393156,-1.2605997794411792,0.8836321366272046,0.5977249537169377,1.7051145714260196,0.33433972828831937,-0.6857591341543182,-0.5301615092067875,1
16,0.5244008331258609,-1.104755505329451,1.342319882771748,1.4733618386867846,2.0495711792974456,-1.5368690026399487,0.8665144181561696,-0.7720879128868035,1
16,0.6638562111124062,-0.7271405862566922,0.8979546003605209,-0.4361904729263889,-1.108955897937897,0.11872632094393946,-0.7679117500962303,0.5227681795369196,1
16,0.8033115890989516,0.5707357503309191,-0.6920827398541416,-1.06861445827055,0.784125047017557,-0.16063466784701871,0.757161241223115,0.37756235313457864,2
16,0.9427669670854969,0.7167053113276672,-0.5226044324598705,-0.4560246731474327,-0.3894544575206098,1.0112506576215732,-0.26962759197279496,0.8694127261588384,2
16,1.0822223450720423,-0.3366494347781161,-0.9635756355252162,-0.585987000305578,-0.04693799700413793,-1.1892430346770484,0.5723055648001111,0.2542665277009212,2
16,1.2216777230585876,-0.40916904696525114,0.08216345291715775,-1.3894019264577766,0.3983502242265575,-1.345190767844951,-0.46533284143417086,0.2649812171901594,2
16,1.3611331010451329,-0.8171447773397081,-2.3091495458967333,1.1240285874910279,0.9615559120845151,-1.190949176521413,2.001206708543857,-1.0323420736882556,0
16,1.5005884790316781,-1.0825504767637986,0.3934420611023814,0.31352517948197967,-0.9433679673079738,-1.4294675069360172,1.0508823370371976,-0.2882351055267707,2
16,1.6400438570182234,0.4832204300087775,0.05252484094462748,0.16006358396514797,0.7731514694025193,0.14367861422739933,1.028426823666162,-0.7500946034613469,2
17,-1.7068852146588642,1.3378595877715096,-0.0795499249822051,0.8644935063500236,0.8743490620619166,-0.03556448781839791,0.212344331311962,0.4070918305858256,2
17,-1.567429836672319,-1.5251898881660533,0.09950167352114232,0.630375465264122,-0.01260108424003655,-0.02945191301630536,-1.372411264060529,-0.15187658708894378,2
17,-1.4279744586857737,-1.61473291186979,0.8256187056755624,-0.2940382272887523,-0.4276210013272141,1.0010138180718304,0.7929671595776442,0.7271226803482251,1
17,-1.2885190806992284,-2.05792265592147,-1.8273358775940343,0.665685768147537,1.951290938900973,-0.38735736975639073,-0.6389294785588873,-1.5088637786395798,2
17,-1.1490637027126829,0.8654025012167924,1.0801761148265971,-1.1830787878649585,0.22425021513161528,-0.6150356216564605,0.36347896766588084,1.0753500788515014,1
17,-0.730697568753047,0.029284285107522803,-0.8406332935403932,-0.3724856232005953,-0.5386887406107012,0.3862551203617824,0.1430589482398927,0.281496338532693,2
17,-0.5912421907665016,0.6449802917062593,-0.7809517955804254,2.6143495833111534,-0.07616379574921339,1.34053562283074,-0.2088587267126912,1.0753500788515014,2
17,-0.45178681277995636,0.961568873055642,-0.13388656262908713,0.6461360583924871,-0.6387211839199015,0.6261880500260267,-0.35747028198093905,-1.0326240389117451,2
17,-0.1728760568068657,1.7460825325966385,0.8074102350982024,0.3112633095061404,1.2572937956554928,0.20049306662666366,0.6491203103922597,-0.5741481280576995,1
17,-0.03342067882032038,0.2712868727197637,1.7413471383727295,1.5436740102090334,0.4117649092692074,0.8371080807175486,0.5407102079759192,0.7414516535378818,1
17,0.10603469916622495,-0.2129548804015517,0.8338820160774914,0.029445080787445208,1.4364702645860654,-1.5113987726853966,0.4507015115010356,-0.794081222312259,1
17,0.24549007715277027,-1.971710385352062,0.34833090979250186,-0.6023227285371584,1.5534122929028549,-1.8439741507440812,-0.3687599276751352,-0.9602528945042965,2
17,0.3849454551393156,0.16607011090902773,0.16738121741262266,-0.9528078577519207,0.024427320562379735,1.4591123332197031,2.430619281925167,0.49252737907691774,2
17,0.5244008331258609,0.4774965949251449,-0.8024177589902939,1.0493060974870378,0.8511581341055828,-1.0644511034290527,0.9433253669422965,1.0517858181244186,2
17,0.6638562111124062,1.096572023938955,1.141989817029826,-1.4202609860920217,-0.8125859223553413,0.914320595251206,-0.4484825449421582,0.23960432068417312,1
17,0.8033115890989516,-1.8015759281950738,0.21440730224209012,0.7607830396421196,-0.636328148986905,0.7622761262887495,0.24062823096858507,-0.6464118593412447,2
17,0.9427669670854969,-0.584983614858431,2.3378411253647973,1.2969000790401355,2.44525546407078,0.13874299687253075,-0.5180753622491683,-1.139690370112378,1
17,1.0822223450720423,-2.1683489383334744,-1.8476908357212398,0.9887513635010536,-0.861757411893284,0.41239561881851466,-0.837102516334033,-2.013863999754601,2
17,1.2216777230585876,-0.1170056530327218,-0.386598092544461,0.16069188243725416,-0.03348053681256687,0.32058397430361224,0.07402730885445624,-0.7885828949558951,2
17,1.3611331010451329,-0.1239898305809868,0.10274729892549019,1.7198257014100449,0.9482838173964332,-1.077762315034251,1.8711494484595388,-0.6121365710109423,2
17,1.5005884790316781,0.9749021781414287,-1.1447523285408157,-0.633750678628594,1.1518974142460527,-0.21693000889799893,-1.6986176537733488,-0.3116029967913179,2
17,1.6400438570182234,0.439899258005989,0.33427091618268256,-0.6545013169379648,0.14455408619523685,-0.6926345128545761,-0.16075095344813392,0.4878145273713674,2
18,-1.7068852146588642,0.08048423499130006,0.6914741754922326,1.9870995294072522,0.6260709451564075,0.508365977601056,0.0169869998865743,-1.8522037755370506,1
18,-1.567429836672319,1.3662058840979572,0.3759614185915781,-0.17152027026412914,-1.8751135747534802,0.5768248322529976,-2.251120878814551,-0.9498671633427962,2
18,-1.4279744586857737,0.5602477182196817,1.0362738552898765,-1.0669223401473826,0.6451016974862038,0.2885938559890372,2.497979284680537,-0.15902441265221692,1
18,-1.2885190806992284,-0.4960155771384263,0.9184061425490484,-1.8431050133874447,1.6340211214702913,-0.19989527021409834,-0.8584234056108833,-1.0616664877217517,1
18,-1.1490637027126829,-2.069210531569957,2.0377432842488803,-1.9736861165450976,0.22696889368632783,0.9417254647967561,-0.3692912271598508,-0.263798095298412,1
18,-1.0096083247261376,-1.5894694190449656,0.5621230571106768,0.17269684592392762,-0.6052186948579499,2.664682840029017,-0.9579094437689122,0.0008198174080804043,2
18,-0.8701529467395923,-1.0126564101646591,0.9431437850542655,1.2868832257514498,0.8927189650111127,1.0492549196994596,1.0820489759393617,-0.6621213657595237,1
18,-0.730697568753047,-1.0558368494576456,-0.681607876627001,0.9092687455142117,-0.16265176537605394,0.3490551820220377,0.09573226432988807,-0.12328528483585119,2
18,-0.312331434793411,1.4778797922812914,0.3157843667620269,-0.8383530487452177,0.35202811943714063,0.8709206646289618,0.7650878338679151,0.05143933906667994,2
18,-0.1728760568068657,0.409410488213772,-1.1441321245381504,1.2694345142399914,-0.7362978536166918,1.5278453905419445,0.06448558918500126,1.1916004289859594,2
18,-0.03342067882032038,0.897930977761747,-0.5063066561228328,0.94760272937557,-0.6243038202205423,1.4365912877457965,1.2965007160473734,0.01967122642961278,2
18,0.10603469916622495,-0.40205352494724067,-0.8161197863267188,0.0416658078208968,1.4066245491606713,0.7992299889509471,1.9732558608575406,-0.513243578202796,2
18,0.24549007715277027,-1.1764041143411614,0.8910913093820272,-1.0853000337010767,1.2002219303885122,1.4268023111499768,-0.6292293064697141,0.9653835317242216,1
18,0.3849454551393156,0.2168208093451775,-1.3271207876628568,-1.422669459170345,-0.7914481942068141,-1.3410894707235652,0.44197869223557174,1.4321304312646033,2
18,0.5244008331258609,-1.2701165520977586,0.22688435408197824,0.5275460591132317,0.994773225330952,-1.0816011293855519,-0.06386237666215942,-0.9280404708308849,2
18,0.6638562111124062,-1.654333158472842,-1.294091865727694,-0.3639886504061991,-0.30806710020022515,0.886275922034168,1.4366895317576451,0.5963846730972749,2
18,0.8033115890989516,1.420762884542899,-0.7177031126687394,1.0098879258354867,0.5844751591097336,-0.11693422715972537,0.7158633714218271,-0.6352406547282619,2
18,0.9427669670854969,-0.34404152330321075,0.11187900780834628,0.6220191129261243,-0.2602183517649454,-0.4868466429738963,-0.10571731712587643,0.33124311069001655,2
18,1.0822223450720423,0.556284178146693,-0.6538131442782837,0.39947623856386993,1.0409957082127868,-1.8471305083576373,1.4224911579661643,-0.4026003145391421,2
18,1.2216777230585876,0.23971870613429394,-0.9827914303618221,1.1485321788959515,-0.00917554891854501,1.4058807729353826,-0.12026103611768577,0.7762410706653002,2
18,1.3611331010451329,-0.38026179869333304,0.14656788849179647,0.8861552616986049,-0.6639421575120789,0.48878802440941815,1.0387925073371138,0.8268256823438485,2
18,1.5005884790316781,0.16169223535768112,1.565262928095908,0.07820370670564844,0.03170501471473331,-0.4823434181511145,0.1440336639962616,0.04843170781679968,1
18,1.6400438570182234,-0.07137316881069095,1.4752690996444815,-0.2710268423989641,0.06031388188884018,0.28763415240121126,0.11001935277785421,0.5777514531005594,1
19,-1.7068852146588642,1.4533558270029088,-0.04177358487150847,-0.8628356971190585,0.42880361004349693,-1.2325363307142432,1.9090282980068805,-1.6430229661348612,2
19,-1.567429836672319,-0.6881209746886805,0.6104625140707018,-0.03500842151186815,-1.6933822534949474,0.7243865295955358,1.071283357276242,1.0213665001711414,1
19,-1.4279744586857737,1.1636926410515394,-1.2153295965294888,-0.7466406939428529,-0.9279753023195567,1.5762543328106409,-0.4776798476473853,-0.392203476756382,2
19,-1.2885190806992284,1.1135901269580553,-0.6594910536070602,-0.5697036305941547,0.8736746206465231,0.15679456454061855,-1.3055443001186682,0.18278827206818868,2
19,-1.1490637027126829,1.3950935137094043,1.1166811768068086,0.43386826181981825,0.17719615908237896,-0.07513380379679492,-0.011999911948143115,1.2462211758336845,1
19,-1.0096083247261376,-0.4512028381419411,1.2797578813799224,0.6923884004350469,-2.1219967989952124,0.2703594878203545,0.048243641647267174,0.9411908913562198,1
19,-0.8701529467395923,-0.692882266654258,1.4646460736070341,1.5921100124183434,0.3006450896147788,1.3465071096889785,1.594013536443332,1.1511048103394805,1
19,-0.730697568753047,1.6641904643313268,0.26672336404086044,-0.08937040996437734,-0.3073194624354441,-0.17302356975498667,0.8502909622056571,1.2971159481584063,2
19,-0.5912421907665016,0.49782096687065036,-0.6103241889320593,-0.6070269016265929,-0.6037129641052251,0.059224698498763426,0.5194678383604383,-1.6484367028245135,2
19,-0.45178681277995636,2.7461614807932486,0.3770751513141527,0.2925819391743832,-0.13787780456884424,-0.029921100583949742,0.6693072963971214,-0.9064914702424418,2
19,-0.312331434793411,1.3948798461096608,-2.128469420602444,0.6576525408996119,-0.7785927278053982,-1.6803066041426684,1.738801600995114,-1.425603392643306,0
19,-0.1728760568068657,0.5980902262666731,0.6645459569328169,0.019482082622884353,-0.20774785149942215,1.4612450057266408,2.0150403070515615,-1.649376589102141,1
19,-0.03342067882032038,0.9698614640790831,0.2546111379346712,0.5323072464051896,-0.4881213136207089,1.811917652538266,-0.18823039055524252,-0.6039961917919597,2
19,0.10603469916622495,-2.142179041995198,1.933832703858698,-0.2005790171098054,0.7022959033003813,-0.4878063465617222,1.6904041749659215,-2.262134626461448,1
19,0.24549007715277027,-0.5699312332777191,-0.4601760551934981,-0.8203228236572122,0.7861269836892772,-1.0662458719803456,2.021153132630359,-1.3639078754082261,2
19,0.3849454551393156,-0.6147985092049852,-0.7486241500331947,-0.07893618888818375,1.3850872347637027,-0.3786743402199247,-0.7265887300234768,1.8199806989130833,2
19,0.5244008331258609,-0.022852880355510724,0.00899561499916951,-0.47869477955569995,-0.2724524064845548,-0.6613207552405561,0.6943144346990964,0.18462104712053326,2
19,0.6638562111124062,-0.8453708581726441,-0.7320865837167284,1.4687752696418528,0.9910807649567774,1.7759424764008624,-0.05838094850577486,-0.5653508042875172,2
19,0.8033115890989516,0.7264690395680057,-0.04253971967841081,-1.609064299981341,0.5627257282252255,-2.368185575028043,-1.0696564248247167,-1.1716330348490314,2
19,0.9427669670854969,0.4933665748618012,0.1859919087636066,-0.6370492390100259,-0.42981293531554027,-0.8620907458136338,-0.29782505719760116,0.5805006167787419,2
19,1.0822223450720423,-0.9996325281251157,0.415864273117702,-0.5199739066147656,-0.5817293097962992,1.041193409561726,-0.12405784213920001,-0.28603577458422536,2
19,1.3611331010451329,-0.7363821350625783,0.39208855627685535,0.867683323562585,0.8012082357084285,-0.839825622576083,2.0499561741418906,0.6816698401358391,2
19,1.5005884790316781,0.7119724924215176,-0.3955363319583133,2.40104267801691,-0.5960431538182428,-1.2258184055994645,-0.37922533103055256,-2.119178115195984,2
